,Gender,Number,POS
best,0.1278571428571428,0.1386666666666666,0.093076923076923
50000,0.0628571428571428,0.0746666666666666,0.0474358974358974
100000,0.0728571428571428,0.0831111111111111,0.052051282051282
150000,0.0778571428571428,0.0857777777777777,0.0602564102564102
200000,0.0914285714285714,0.1186666666666666,0.0828205128205128
