,Gender,Number,POS
best,0.2385714285714285,0.1974545454545454,0.1351282051282051
1000,0.0735714285714285,0.0712727272727272,0.0594871794871794
100000,0.1385714285714286,0.1283636363636363,0.0882051282051282
200000,0.1635714285714285,0.1567272727272727,0.0946153846153846
300000,0.1892857142857142,0.1556363636363636,0.1205128205128205
400000,0.1957142857142857,0.168,0.1328205128205128
600000,0.0578571428571428,0.0512727272727272,0.0435897435897435
