,Gender,Number,POS
best,0.165,0.14044444444444446,0.09717948717948717
10000,0.05928571428571429,0.052000000000000005,0.031538461538461536
50000,0.06714285714285714,0.07244444444444445,0.04076923076923077
100000,0.07785714285714286,0.10088888888888888,0.050769230769230775
150000,0.08571428571428572,0.12311111111111112,0.05384615384615385
200000,0.10214285714285713,0.11555555555555554,0.06641025641025641
250000,0.13071428571428573,0.11822222222222219,0.07846153846153844
