,Gender,Number,POS
best,0.2307142857142857,0.18145454545454545,0.13333333333333336
1000,0.08142857142857143,0.07418181818181817,0.06256410256410255
10000,0.1042857142857143,0.10763636363636361,0.06974358974358971
100000,0.1542857142857143,0.144,0.09230769230769229
200000,0.17642857142857143,0.14509090909090908,0.09384615384615383
300000,0.20857142857142855,0.1549090909090909,0.1058974358974359
400000,0.2,0.16472727272727275,0.13487179487179488
500000,0.09428571428571429,0.10254545454545454,0.06641025641025641
600000,0.05857142857142859,0.05381818181818182,0.04923076923076923
