,Gender,Number,POS
best,0.165,0.1404444444444444,0.0971794871794871
50000,0.0671428571428571,0.0724444444444444,0.0407692307692307
100000,0.0778571428571428,0.1008888888888888,0.0507692307692307
150000,0.0857142857142857,0.1231111111111111,0.0538461538461538
200000,0.1021428571428571,0.1155555555555555,0.0664102564102564
