,Gender,Number,POS
best,0.2307142857142857,0.1814545454545454,0.1333333333333333
1000,0.0814285714285714,0.0741818181818181,0.0625641025641025
100000,0.1542857142857143,0.144,0.0923076923076922
200000,0.1764285714285714,0.145090909090909,0.0938461538461538
300000,0.2085714285714285,0.1549090909090909,0.1058974358974359
400000,0.2,0.1647272727272727,0.1348717948717948
600000,0.0585714285714285,0.0538181818181818,0.0492307692307692
