,Gender,Number,POS
best,0.12785714285714284,0.13866666666666666,0.09307692307692307
10000,0.04214285714285715,0.05733333333333333,0.03256410256410257
50000,0.06285714285714286,0.07466666666666666,0.04743589743589744
100000,0.07285714285714286,0.08311111111111112,0.052051282051282045
150000,0.07785714285714286,0.08577777777777779,0.06025641025641024
200000,0.09142857142857143,0.11866666666666667,0.0828205128205128
250000,0.09214285714285712,0.1311111111111111,0.07102564102564102
