,Gender,Number,POS
best,0.18142857142857144,0.17563636363636362,0.10794871794871795
1000,0.06357142857142857,0.06872727272727273,0.04538461538461539
10000,0.08714285714285716,0.08218181818181818,0.05358974358974359
100000,0.08857142857142856,0.09127272727272728,0.08076923076923077
200000,0.11785714285714285,0.12363636363636363,0.06948717948717947
300000,0.12428571428571429,0.1472727272727273,0.07897435897435898
400000,0.04214285714285715,0.03709090909090909,0.034102564102564105
500000,0.16071428571428573,0.16218181818181815,0.09999999999999999
600000,0.16214285714285714,0.1632727272727273,0.10564102564102562
